prefecture,date,zodiac,lastName,lastNameKana
長野県,平成18年3月24日,亥,高松,たかまつ
青森県,平成22年4月14日,酉,八木,やぎ
神奈川県,平成13年6月1日,子,佐藤,さとう
東京都,平成24年9月8日,丑,皆川,みながわ
山口県,平成25年10月29日,巳,小杉,こすぎ
長野県,平成22年2月8日,丑,加納,かのう
群馬県,平成22年2月21日,辰,志村,しむら
大分県,平成15年8月26日,寅,佐藤,さとう
長野県,平成22年2月24日,巳,斉藤,さいとう
宮城県,平成23年8月26日,戌,緒方,おがた
愛媛県,平成24年11月30日,戌,山田,やまだ
鹿児島県,平成15年8月18日,卯,佐藤,さとう
茨城県,令和2年1月3日,子,浅井,あさい
大阪府,平成23年5月9日,未,石川,いしかわ
佐賀県,平成14年3月31日,申,前田,まえだ
福島県,令和1年12月12日,申,中村,なかむら
大阪府,平成14年5月2日,亥,小山,おやま
福井県,平成30年3月22日,卯,岩崎,いわさき
福岡県,平成24年6月9日,寅,岸,きし
大分県,平成25年8月21日,巳,森下,もりした
山形県,令和2年1月31日,丑,佐藤,さとう
愛知県,平成25年8月17日,申,松浦,まつうら
岩手県,平成24年7月5日,亥,森,もり
埼玉県,平成30年8月24日,巳,原,はら
沖縄県,平成21年4月7日,午,小西,こにし
鹿児島県,平成20年8月29日,午,本田,ほんだ
山形県,平成15年1月27日,戌,水口,みずぐち
北海道,平成23年10月6日,寅,野村,のむら
大阪府,平成21年3月12日,卯,斉藤,さいとう
東京都,令和2年2月28日,子,伊藤,いとう
石川県,平成16年3月11日,辰,野本,のもと
愛知県,平成22年8月16日,申,島田,しまだ
広島県,平成16年2月17日,辰,辻,つじ
宮城県,平成25年12月17日,寅,小川,おがわ
京都府,平成20年3月12日,丑,岡田,おかだ
茨城県,平成21年8月16日,午,池上,いけがみ
東京都,平成18年1月17日,午,森,もり
福岡県,平成30年3月7日,酉,石坂,いしざか
東京都,平成17年5月1日,未,山口,やまぐち
大阪府,平成26年6月8日,子,成瀬,なるせ
北海道,平成29年2月4日,子,島田,しまだ
福岡県,平成27年9月14日,亥,安藤,あんどう
岩手県,平成28年4月20日,辰,高村,たかむら
愛知県,令和3年1月29日,丑,牧野,まきの
富山県,平成17年1月4日,酉,田淵,たぶち
岡山県,平成30年9月2日,子,高橋,たかはし
北海道,平成17年6月11日,申,篠原,しのはら
埼玉県,平成18年5月13日,巳,吉田,よしだ
熊本県,平成13年5月27日,未,豊田,とよだ
岐阜県,平成13年8月5日,巳,森下,もりした
北海道,令和2年3月19日,巳,深谷,ふかや
石川県,平成31年2月26日,戌,角田,つのだ
富山県,平成15年12月6日,寅,浅田,あさだ
北海道,平成30年4月16日,酉,川島,かわしま
広島県,平成19年5月5日,戌,長谷川,はせがわ
愛知県,平成21年10月14日,午,長島,ながしま
奈良県,平成20年3月11日,申,岡本,おかもと
滋賀県,平成31年1月9日,寅,小橋,こばし
富山県,平成22年2月26日,寅,吉本,よしもと
神奈川県,平成13年4月4日,未,田中,たなか
長野県,平成15年3月1日,巳,吉田,よしだ
茨城県,平成26年7月15日,申,星野,ほしの
福岡県,平成29年5月1日,午,小山,こやま
岐阜県,平成25年1月2日,寅,吉川,よしかわ
三重県,平成26年6月18日,戌,森田,もりた
静岡県,平成14年7月17日,酉,佐々木,ささき
岐阜県,平成29年2月15日,子,永井,ながい
北海道,平成30年2月11日,午,山岸,やまぎし
和歌山県,令和2年7月27日,酉,中島,なかしま
新潟県,平成29年3月5日,戌,渡辺,わたなべ
北海道,平成17年4月23日,辰,島袋,しまぶくろ
広島県,平成18年8月20日,戌,中村,なかむら
和歌山県,平成28年7月30日,酉,若山,わかやま
熊本県,平成24年5月15日,申,大西,おおにし
愛知県,平成16年9月3日,午,周,しゅう
愛知県,平成30年10月17日,巳,谷川,たにかわ
愛知県,平成21年3月2日,巳,小坂,こさか
秋田県,平成28年5月17日,亥,斉藤,さいとう
長野県,平成17年7月14日,子,畑中,はたなか
神奈川県,平成27年7月22日,卯,岩本,いわもと
岐阜県,平成19年4月18日,申,宮本,みやもと
富山県,平成24年2月10日,亥,飯島,いいじま
福井県,平成21年12月25日,寅,加藤,かとう
富山県,平成16年10月1日,戌,萩原,はぎわら
鹿児島県,平成25年8月12日,亥,吉田,よしだ
愛知県,平成26年1月11日,午,小山田,おやまだ
静岡県,平成15年7月20日,丑,井上,いのうえ
埼玉県,平成23年10月26日,申,安岡,やすおか
神奈川県,令和2年6月18日,卯,中村,なかむら
広島県,平成25年9月10日,巳,村山,むらやま
千葉県,平成30年11月3日,酉,長嶋,ながしま
茨城県,平成24年7月28日,午,篠原,しのはら
北海道,平成13年9月10日,戌,松田,まつだ
佐賀県,平成21年5月16日,巳,山内,やまうち
愛知県,平成20年5月1日,申,佐山,さやま
大阪府,平成30年8月18日,申,斎藤,さいとう
栃木県,令和2年11月10日,午,前田,まえだ
新潟県,平成21年1月26日,午,中島,なかしま
北海道,平成21年8月6日,子,小森,こもり
奈良県,平成24年12月29日,戌,松野,まつの
